id,5to3,mean,SD,legacy,flank_designation
RO0,ACUUZUUGC,99.89862235,1.413500023,AS11.2,2
RO1,ACUUZUUGA,93.10264354,7.455631573,AS10.2,2
RO2,,87.8992969,4.803938054,1.2,2
RO3,UCUUZUUGC,75.59495802,6.950372957,1,0
RO4,GCUUZUUCG,74.64407666,5.661185691,16,0
RO5,CCUUZUUGA,74.5842492,8.907174029,2,0
RO6,UUUUZUUGC,50.36034527,2.555911432,4,0
RO7,UCCUZUUGU,44.10037255,4.906586379,AS4.2,2
RO8,gcuucgagc,41.07246062,3.39141222,14,0
RO9,,40.70573269,5.730294129,4.2,0
RO10,GCUUZCAGC,36.98624799,2.858797904,13,0
RO11,,36.86198966,3.762731093,6.2,2
RO12,,33.94196767,2.534877373,10.2,2
RO13,GCUUZUUGA,32.84589148,1.253641537,AS3.2,2
RO14,,31.6683467,2.739022818,3.2,2
RO15,,27.60148727,1.397796623,9.2,2
RO16,CCCUZUAUU,26.79806417,0.618646576,3,0
RO17,GCUAZGAGC,26.69739827,2.708325723,15,0
RO18,,24.00354043,1.824776079,8.2,2
RO19,ACUUZGUUG,15.5670496,1.582811655,RM139341,0
RO20,,13.86168424,0.666966314,15.2,2
RO21,UCUAZGAAC,11.68230511,0.527084969,RM139344,0
RO22,GCUGZGAGC,11.44531038,0.655625892,RM139338,0
RO23,CGUAZGAAU,10.87995934,0.303791805,5,0
RO24,,10.46075651,0.401005592,7.2,2
RO25,,7.145604307,0.684684479,15.1,1
RO26,,7.047815654,0.20550726,RM139338+LNA,1
RO27,,4.507609479,0.069561389,RM139341+LNA,1
RO28,,1.43117003,0.785485874,5.2,2
